,curie,name,p,mlp,q,mlq
184,reactome:R-HSA-1483115,Hydrolysis of LPC,9.582882851926997e-06,5.018503820948346,0.02396679001266942,1.6203901292178433
