,curie,name,p,mlp,q,mlq
621,wikipathways:WP5087,Malignant pleural mesothelioma,7.814249661698205e-08,7.107112717379757,5.477789012850442e-05,4.261394699413098
409,wikipathways:WP4336,ncRNAs involved in Wnt signaling in hepatocellular carcinoma,1.47099024589903e-05,4.832390207059195,0.005151050587842225,2.288104184945116
381,wikipathways:WP4258,lncRNA in canonical Wnt signaling and colorectal cancer,2.2044439034988128e-05,4.656700948192112,0.005151050587842225,2.288104184945116
387,wikipathways:WP428,Wnt signaling,3.2268403782087996e-05,4.4912225172665865,0.005655037762810921,2.24756449062789
611,wikipathways:WP5061,Fatty acid transporters,4.06092426416951e-05,4.391375109982993,0.0056934158183656524,2.2446270963523536
